{"nodes":{"node:1":{"location":{"x":0,"y":0}},"node:5":{"location":{"x":392,"y":0}}},"selection":null,"view":{"scroll":{"x":815.2757568359375,"y":-104.4830322265625},"zoom":2.9999995231628418}}