{"nodes":{"node:1":{"location":{"x":0,"y":0}}},"selection":null,"view":{"scroll":{"x":45.097869873046875,"y":-91.3610076904296875},"zoom":1}}