{"nodes":{"node:1":{"location":{"x":0,"y":0}}},"selection":null,"view":{"scroll":{"x":-4.254669189453125,"y":-7.105255126953125},"zoom":0.75}}